,subreddit,topic
0,1200isplenty,"Food,Diets"
1,13or30,"Disgusting/Angering/Scary/Weird,Judgy"
2,2007scape,Video Games
3,2healthbars,"Weird Feelings/Categorize Later,Hold My ____"
4,30rock,"TV,Individual Shows"
5,3DS,Video Games
6,3Dprinting,3D Printing
7,3amjokes,"General Humor,Jokes"
8,3dshacks,Video Games
9,4PanelCringe,Cringe
10,4chan,"Internet/Apps,4chan"
11,AAAAAAAAAAAAAAAAA,"Weird Feelings/Categorize Later,Hold My ____"
12,ADHD,"Communities,Home"
13,AMA,AMA
14,ATBGE,Design
15,AbandonedPorn,Visually Appealing
16,AccidentalRenaissance,"Parodies,Politics"
17,AccidentalWesAnderson,Visually Appealing
18,AmateurRoomPorn,Visually Appealing
19,AmericanHorrorStory,"TV,Individual Shows"
20,Android,Android products
21,AndroidApps,Android products
22,AndroidDev,Android products
23,AndroidGaming,"Android products,Video Games"
24,AndroidThemes,Android products
25,Anticonsumption,"Money,Consumerism"
26,Anxiety,Support
27,"Art (For more art related subreddits, click here!)","Art,Questions"
28,ArtPorn,"Art,Questions"
29,AsianBeauty,"Fashion/Beauty,Body Image"
30,AskOuija,Games
31,AskOuija ,"Question/Answer,Ask______"
32,AskReddit,"Question/Answer,Ask______"
33,AskScience,"Science,Historical Images"
34,AskScienceFiction,"Question/Answer,Ask______"
35,AutoDetailing,Automotive
36,Awwducational,Cute
37,Awwducational ,"Science,Biology"
38,Bad_Cop_No_Donut,"Disgusting/Angering/Scary/Weird,Angering"
39,BasicIncome ,"Economics,Coding"
40,BestOfReports,"Meta,Positive"
41,BestOfStreamingVideo,"Weird Feelings/Categorize Later,Hold My ____"
42,BetterCallSaul,"TV,Individual Shows"
43,Bitcoin,"Money,Digital Currency"
44,BokuNoHeroAcademia,"Anime/Manga,Individual Anime/manga"
45,Books,"Books/Writing,Individual Anime/manga"
46,BreakingBad,"TV,Individual Shows"
47,Buddhism,Religion/Beliefs
48,Bundesliga,"Sports,Soccer"
49,BuyItForLife,"Money,Consumerism"
50,CFB,"Sports,American Football"
51,CODZombies,Video Games
52,CatastrophicFailure,"Weird Feelings/Categorize Later,Hold My ____"
53,Catholicism ,"Religion/Beliefs,Christianity"
54,Cheap_Meals,"Food,Diets"
55,ChildrenFallingOver,"General Humor,Sound"
56,ChoosingBeggars,"Cringe,Neckbeard"
57,Christianity,"Religion/Beliefs,Christianity"
58,Cinemagraphs,"Gifs,Visually Appealing,Weird Feelings/Categorize Later"
59,Circlejerk,"Meta,Circlejerks"
60,CityPorn,Visually Appealing
61,ClashRoyale,Video Games
62,Classic4chan,"Internet/Apps,4chan"
63,ColorizedHistory,"Images,Photoshop"
64,ComedyCemetery,"General Humor,Comedy"
65,CompetitiveHS,Video Games
66,CoolGuides,General
67,CrappyDesign,Design
68,CryptoCurrency,"Money,Digital Currency"
69,DCComics,"Books/Writing,Individual books/stories/comics"
70,DDLC,"Anime/Manga,Individual Anime/manga"
71,DIY   (List of DIY subreddits!),General
72,DMAcademy,"Games,Dungeons and Dragons"
73,DarkSouls,Video Games
74,DarkSouls2,Video Games
75,DarkSouls3,Video Games
76,DataHoarder,Data
77,DecidingToBeBetter,Self-Improvement
78,DeepIntoYouTube,Videos
79,DepthHub,"Meta,Positive"
80,DesignPorn,Visually Appealing
81,DestinyTheGame,Video Games
82,DiWHY,"General,Meta,Circlejerks"
83,Disney,General
84,DisneyVacation,Arts/Writing
85,DnD,"Games,Dungeons and Dragons"
86,DnDBehindTheScreen,"Games,Dungeons and Dragons"
87,DnDGreentext,"Games,Dungeons and Dragons"
88,DoesAnybodyElse,General
89,DotA2,Video Games
90,Drawing,Arts/Writing
91,DunderMifflin (The Office),"TV,Individual Shows"
92,EDC,"General,Tech Support"
93,EatCheapAndHealthy,"Food,Money,Diets,Budget"
94,Economics,"Economics,Coding"
95,ElderScrolls,Video Games
96,EngineeringStudents,"Computer Science/Engineering,Painting"
97,Enhancement,"Meta,South America"
98,Entrepreneur,"Money,Specific food"
99,ExpandDong,"Weird Feelings/Categorize Later,Hold My ____"
100,ExpectationVSReality,"Images,Science"
101,ExplainlikeIAmA,AMA
102,FL_Studio ,"Music,Car companies"
103,FashionReps,"Fashion/Beauty,Fashion"
104,FastWorkers,General
105,FifthWorldPics,"Images,Science"
106,Filmmakers,Photography/Film
107,FilthyFrank,"TV,Individual Shows"
108,FinalFantasy,Video Games
109,FireEmblemHeroes,Video Games
110,FlashTV,"TV,Individual Shows"
111,FoodPorn,"Food,Fashion"
112,Fortnite,Video Games
113,FortniteBR,Video Games
114,FortniteBattleRoyale,Video Games
115,FortniteLeaks,Video Games
116,Fortnitecompetitive,Video Games
117,Frugal_Jerk,"Money,Budget"
118,FullScorpion,"Weird Feelings/Categorize Later,Hold My ____"
119,GameDeals,Video Games
120,GameOfThrones,"TV,Individual Shows"
121,Games,Video Games
122,GentlemanBonersGifs ,"Images,Images/Gifs of Women (SFW)"
123,GetMotivated,"Exercise/Health,Other drugs,Sex"
124,GetStudying,Self-Improvement
125,Glitch_in_the_Matrix,"Stories,Disgusting/Angering/Scary/Weird,Scary/Weird,Scary (potentially NSFL)"
126,GlobalOffensive,Video Games
127,GrandTheftAutoV,Video Games
128,HIMYM,"TV,Individual Shows"
129,HealthyFood,"Food,Diets"
130,HistoryPorn,"History,Historical Images"
131,HybridAnimals,"Images,Photoshop"
132,IAmA,AMA
133,IWantToLearn ,"Support,Questions"
134,ImaginaryLandscapes,Visually Appealing
135,IndieGaming,Video Games
136,InteriorDesign,Design
137,InternetIsBeautiful,"Internet/Apps,Sci-fi"
138,Iota,"Money,Specific food"
139,Jobs,"Job finding,Car companies"
140,Jokes,"General Humor,Jokes"
141,JordanPeterson ,"Psychology,Historical Images"
142,Justfuckmyshitup,"Weird Feelings/Categorize Later,Hold My ____"
143,KenM,"Internet/Apps,Sci-fi"
144,KendrickLamar,"Music,Artists"
145,KerbalSpaceProgram,Video Games
146,KingkillerChronicle ,"Books/Writing,Individual books/stories/comics"
147,KitchenConfidential,"Stories,Customer Service"
148,KotakuInAction,"Internet/Apps,Internet Politics"
149,LSD,"Drugs,Other drugs"
150,LadyBoners,"For Women,Scary (potentially NSFL)"
151,LetsNotMeet,"Stories,Scary/Weird"
152,LifeProTips,"General,Tech Support"
153,LoLeventVODs,Video Games
154,LucidDreaming,"Exercise/Health,Mental"
155,MLS,"Sports,Soccer"
156,MMA,"Sports,Fighting"
157,MMAStreams ,"Sports,Fighting"
158,MMORPG,Video Games
159,MTB (mountain biking),Outdoors
160,MakingaMurderer,"TV,Individual Shows"
161,MaleFashionAdvice,"For Men,Scary (potentially NSFL)"
162,MandelaEffect,"Weird Feelings/Categorize Later,Hold My ____"
163,Medicine,"Exercise/Health,Other drugs"
164,MensRights,"For Men,Scary (potentially NSFL)"
165,MildlyVandalised,"Weird Feelings/Categorize Later,Hold My ____"
166,MilitaryPorn,"Combat,Car companies"
167,MonsterHunterWorld,Video Games
168,MuseumOfReddit,"Meta,South America"
169,Nascar ,"Sports,Cars"
170,Natureisbrutal,"Nature,Violent Nature"
171,Netflix,"TV,Netflix Related"
172,NetflixBestOf,"TV,Netflix Related"
173,NoStupidQuestions,Question/Answer
174,NobodyAsked,"Cringe,Called out"
175,Nootropics,"Drugs,Other drugs"
176,OSHA,"Parodies,Politics"
177,OddlySatisfying,Visually Appealing
178,Offensive_Wallpapers ,Images
179,OkCupid ,"Internet/Apps,Internet Dating"
180,OldSchoolCool,Nostalgia/Time
181,OutOfTheLoop,"Support,Meta,Questions,South America"
182,Overwatch_Memes,Video Games
183,Overwatch_Porn,Video Games
184,PS3,Video Games
185,PS4,Video Games
186,PS4Deals,"Video Games,Video Games"
187,PSVR,Video Games
188,PUBATTLEGROUNDS,Video Games
189,PUBG,Video Games
190,PandR,"TV,Individual Shows"
191,Paranormal,"Disgusting/Angering/Scary/Weird,Scary (potentially NSFL)"
192,Pareidolia,"Images,Science"
193,Parenting,"Relationships/Sex,Family"
194,PersonalFinance,"Money,Specific food"
195,Philippines,"Geography,Asia"
196,PhotoshopBattles,"Images,Images,Science,Photoshop"
197,Pokemon,Video Games
198,ProgrammerHumor,"General Humor,Sound"
199,PropagandaPosters,"History,Historical Images"
200,ProtectAndServe,General
201,Psychonaut,"Exercise/Health,Religion/Beliefs,Mental"
202,QuotesPorn,Self-Improvement
203,RTLSDR,General
204,Random_Acts_Of_Pizza,"Free Stuff,Scary (potentially NSFL)"
205,RedditLaqueristas,"Fashion/Beauty,Body Image"
206,RetroPie ,Gadgets
207,RoomPorn,Visually Appealing
208,Runescape,Video Games
209,Science,"Science,Historical Images"
210,Seaofthieves,Video Games
211,SecretSanta,"Meta,South America"
212,Sherlock,"TV,Individual Shows"
213,ShingekiNoKyojin,"Anime/Manga,Individual Anime/manga"
214,ShitAmericansSay,"Meta,Negative"
215,ShitRedditSays,"Meta,Negative"
216,ShittyAskScience,"Question/Answer,Ask______"
217,ShittyLifeProTips,Shitty
218,Shitty_Car_Mods,"Automotive,Shitty,Writing,Politics"
219,ShowerThoughts,General
220,SkincareAddiction,"Fashion/Beauty,Body Image"
221,Skyrim,Video Games
222,SouthAfrica ,"Geography,Africa"
223,Space,"Science,Astronomy/Aliens"
224,SpacePorn,"Science,Astronomy/Aliens"
225,StarTrek More here!,"TV,Individual Shows"
226,Stoicism,Religion/Beliefs
227,SubredditDrama,"Meta,Drama"
228,SuicideWatch,Support
229,TalesFromTheFrontDesk,"Stories,Customer Service"
230,TalesFromThePizzaGuy,"Stories,Customer Service"
231,TalesFromYourServer,"Stories,Customer Service"
232,TeamfightTactics,Video Games
233,Television,TV
234,TheGirlSurvivalGuide,"For Women,Scary (potentially NSFL)"
235,TheGirlSurvivalGuide ,"General,Gender"
236,TheSilphRoad,Video Games
237,TheWayWeWere,"Images,History,Nostalgia/Time,Science,Historical Images,Politics"
238,Tinder,"Internet/Apps,Internet Dating"
239,TipOfMyPenis (NSFW)     ,"General,Looking for something"
240,TipOfMyTongue,"General,Looking for something"
241,TreesSuckingOnThings,"Nature,Plants/Fungi"
242,TrollXChromosomes,"For Women,Scary (potentially NSFL)"
243,TrueAskReddit,"Question/Answer,Ask______"
244,TrueDetective,"TV,Individual Shows"
245,TrueReddit,"General,Subreddits"
246,TsundereSharks,"Anime/Manga,Physics"
247,TwoXChromosomes,"For Women,Scary (potentially NSFL)"
248,UFOs,Conspiracy
249,UNBGBBIIVCHIDCTIICBG,"Weird Feelings/Categorize Later,Hold My ____"
250,UnethicalLifeProTips,"General,Tech Support"
251,UnexpectedMulaney ,Unexpected
252,UnexpectedThugLife,Unexpected
253,UnresolvedMysteries,"Stories,Scary/Weird"
254,UnsolvedMysteries ,"Stories,Scary/Weird"
255,UpliftingNews,"News/Politics,News"
256,Vaping,"Drugs,Other drugs"
257,VaporwaveAesthetics,"Mind blowing,Looking for something"
258,Vechain ,Money
259,WWII,Video Games
260,Warhammer,Video Games
261,WastedGifs,"Gifs,Weird Feelings/Categorize Later"
262,WeAreTheMusicMakers,"Music,Car companies"
263,WeWantPlates,"Food,Fashion"
264,Wellworn,"Money,Consumerism"
265,WhatsWrongWithYourDog,"Mammals,Dogs"
266,WhitePeopleTwitter,"Internet/Apps,Twitter"
267,WhyWereTheyFilming,"Disgusting/Angering/Scary/Weird,Scary (potentially NSFL)"
268,WinStupidPrizes,"Disgusting/Angering/Scary/Weird,Scary (potentially NSFL)"
269,Windows10,Microsoft Products
270,WordAvalanches,"General Humor,Jokes"
271,WorldBuilding,General
272,Writing,"Arts/Writing,Writing"
273,WritingPrompts,"Books/Writing,Individual Anime/manga"
274,Xcom,Video Games
275,YouShouldKnow,Support
276,YoutubeHaiku,"Internet/Apps,YouTube"
277,ZenHabits,"Exercise/Health,Other drugs"
278,ableton,"Music,Car companies"
279,abrathatfits,"For Women,Scary (potentially NSFL)"
280,abruptchaos ,Videos
281,accidentalcomedy,"General Humor,Sound"
282,accidentalracism,Cringe
283,accounting,General
284,actlikeyoubelong,"Fake it til you make it,Car companies"
285,actuallesbians,"Communities,LGBT"
286,afkarena,Video Games
287,againsthatesubreddits ,"Meta,Negative"
288,agedlikemilk,Cringe
289,ainbow,"Communities,LGBT"
290,airsoft ,"Guns,Car companies"
291,alienblue,"Meta,Apps"
292,aliens,"Science,Astronomy/Aliens"
293,aliensamongus,"Communities,Home"
294,alternativeart,Arts/Writing
295,amazonecho,Gadgets
296,amd,Business Tech
297,amibeingdetained,Cringe
298,amiibo,Video Games
299,amiugly,"Images,Question/Answer,Redditors/Selfies"
300,analog,Photography/Film
301,animalcrossing,Video Games
302,animalsbeingbros,Cute
303,animalsbeingjerks,Cute
304,animation,"Art,Questions"
305,anime,"Anime/Manga,Physics"
306,anime_irl,"Anime/Manga,Physics"
307,animegifs,"Anime/Manga,Physics"
308,animemes,"Anime/Manga,Physics"
309,animesuggest,"Anime/Manga,Physics"
310,animewallpaper,"Anime/Manga,Physics"
311,announcements,"Meta,Administrative"
312,answers,Question/Answer
313,anthemthegame,Video Games
314,anthropology ,"Anthropology,Questions"
315,antijokes,"General Humor,Jokes"
316,antimlm,"Money,Specific food"
317,apexlegends,Video Games
318,apocalympics2016 ,"Sports,Olympics"
319,apolloapp,"Meta,Apps"
320,apphookup,"Money,Specific food"
321,apple,Apple Products
322,applewatch ,Apple Products
323,aquariums,Aquariums
324,ar15,"Guns,Car companies"
325,architecture,General
326,archlinux ,Linux
327,arduino,Gadgets
328,argentina ,"Geography,South America"
329,ark,Video Games
330,arma,Video Games
331,army,"Combat,Car companies"
332,arresteddevelopment,"TV,Individual Shows"
333,arrow,"Books/Writing,Individual books/stories/comics"
334,art,Arts/Writing
335,artfundamentals,"Art,Questions"
336,artificial ,"Computer Science/Engineering,Coding"
337,artisanvideos,Videos
338,artporn,Arts/Writing
339,asianpeoplegifs,"Gifs,People"
340,askculinary,"Food,Cooking"
341,askengineers ,"Computer Science/Engineering,Painting"
342,askgaybros,"Communities,LGBT"
343,askmen,"For Men,Scary (potentially NSFL)"
344,askmenover30 ,"For Men,Scary (potentially NSFL)"
345,askphilosophy ,"Religion/Beliefs,Philosophy"
346,askwomen,"For Women,Scary (potentially NSFL)"
347,asmr,"Mind blowing,Looking for something"
348,assassinscreed,Video Games
349,assholedesign,Design
350,assistance,"Free Stuff,Scary (potentially NSFL)"
351,astronomy,"Science,Astronomy/Aliens"
352,astrophotography,"Science,Photography/Film,Astronomy/Aliens,Car companies"
353,atetheonion,"Cringe,Called out"
354,atheism,"Religion/Beliefs,Atheism"
355,audioengineering ,Sound
356,audiophile,Sound
357,australia,"Geography,Oceania"
358,austria ,"Geography,Europe"
359,autos,Automotive
360,avengers ,"Books/Writing,Comics"
361,aviation,"Planes,Car companies"
362,awesome ,"General,Subreddits"
363,awesomecarmods,Automotive
364,awfuleverything,"Disgusting/Angering/Scary/Weird,Judgy"
365,awfuleyebrows,"Disgusting/Angering/Scary/Weird,Judgy"
366,aww,Cute
367,awwnime,"Anime/Manga,Physics"
368,awww,Cute
369,babybigcatgifs,"Mammals,Cats"
370,babybumps ,"Communities,Parenting"
371,babycorgis ,Cute
372,babyelephantgifs,"Mammals,Jokes"
373,backpacking,Outdoors
374,baconit,"Meta,Apps"
375,baconreader,"Meta,Apps"
376,badfaketexts,"Cringe,Called out"
377,badwomensanatomy,"For Women,Scary (potentially NSFL)"
378,baking,"Food,Cooking"
379,bannedfromclubpenguin,"Internet/Apps,Sci-fi"
380,barkour,"Mammals,Dogs"
381,baseball,"Sports,Baseball"
382,bass,"Music,Instruments"
383,batman,"Books/Writing,Individual books/stories/comics"
384,battlefield,Video Games
385,battlefield_4,Video Games
386,battlefield_one,Video Games
387,battlefieldv,Video Games
388,battlestations,"General,Home"
389,bbq,"Food,Specific food"
390,beamazed,"Images,Interesting"
391,beards,"Communities,Fashion/Beauty,Body/Diet,Body Image"
392,bearsdoinghumanthings ,"Mammals,Jokes"
393,beatles,"Music,Artists"
394,beermoney,"Money,Specific food"
395,beetlejuicing,"Meta,South America"
396,behindthegifs,"Gifs,Weird Feelings/Categorize Later"
397,beholdthemasterrace,"Cringe,Called out"
398,belgium,"Geography,Europe"
399,berserk,"Anime/Manga,Individual Anime/manga"
400,bertstrips,"Books/Writing,Comics"
401,bestof,"Meta,Positive"
402,bestoflegaladvice,"Meta,Positive"
403,bestofnetflix ,"TV,Netflix Related"
404,bestofworldstar,"Internet/Apps,Sci-fi"
405,beta ,"Meta,Administrative"
406,bettereveryloop,"Gifs,Weird Feelings/Categorize Later"
407,bigbrother,"TV,Individual Shows"
408,bigcatgifs,"Mammals,Cats"
409,bigdickproblems,"For Men,Scary (potentially NSFL)"
410,bindingofisaac,Video Games
411,biology,"Science,Biology"
412,bioshock,Video Games
413,bipolar ,"Communities,Home"
414,birbs,"Birds,Jokes"
415,birdsarentreal ,"Birds,Conspiracy,Jokes,Dogs"
416,birdsbeingdicks,"Birds,Jokes"
417,birdswitharms,"Birds,Jokes"
418,bisexual,"Communities,LGBT"
419,bitchimabus,"Weird Feelings/Categorize Later,Hold My ____"
420,bitcoinmarkets,Digital Currency
421,bizarrebuildings,"Weird Feelings/Categorize Later,Hold My ____"
422,blackcats,"Mammals,Cats"
423,blackdesertonline,Video Games
424,blackmagicfuckery,Unexpected
425,blackmirror,"TV,Individual Shows"
426,blackops3,Video Games
427,blackops4,Video Games
428,blackpeoplegifs,"Gifs,People"
429,blackpeopletwitter,"Internet/Apps,Twitter"
430,blacksmith,General
431,blender,Gadgets
432,blep,Cute
433,blog,"Meta,Administrative"
434,bloodborne,Video Games
435,blop,"Mammals,Dogs"
436,blunderyears,Cringe
437,blursedimages,"Disgusting/Angering/Scary/Weird,Cursed"
438,bmw,"Automotive,Car companies"
439,boardgames,"Games,Individual Celebrities"
440,bois,"Images,Images/Gifs of Women (SFW)"
441,bollywoodrealism,"Movies,Parodies,YouTube,Politics"
442,boneappletea,"Cringe,Called out"
443,bonsai,"Nature,Plants/Fungi"
444,booksuggestions,"Books/Writing,Individual Anime/manga"
445,boop,"Weird Feelings/Categorize Later,Hold My ____"
446,boottoobig,"Books/Writing,Individual Anime/manga"
447,borderlands,Video Games
448,borderlands2,Video Games
449,botchedsurgeries,"Disgusting/Angering/Scary/Weird,Judgy"
450,bourbon,"Drugs,Alcohol"
451,boxing,"Sports,Fighting"
452,brandnewsentence ,"Arts/Writing,Writing"
453,brasil,"Geography,South America"
454,brawlstars,Video Games
455,breadit,"Food,Cooking"
456,breadstapledtotrees,"Art,Reddit"
457,breakups ,"Relationships/Sex,Relationships"
458,breath_of_the_wild,Video Games
459,breathinginformation,Visually Appealing
460,brockhampton,"Music,Artists"
461,brokengifs,"Gifs,Weird Feelings/Categorize Later"
462,brooklynninenine,"TV,Individual Shows"
463,btc,"Money,Digital Currency"
464,budgetfood,"Food,Money,Diets,Budget"
465,buildapc,"Tech Related,PC Building"
466,buildapcforme ,"Tech Related,PC Building"
467,buildapcsales,"Tech Related,PC Building"
468,bushcraft ,Outdoors
469,business,"Economics,Economics,Coding,Business"
470,calligraphy,"Arts/Writing,Writing"
471,callofduty,Video Games
472,calvinandhobbes (and explainlikeimcalvin),"Books/Writing,Individual books/stories/comics"
473,camping,Outdoors
474,campingandhiking,"Hiking,Car companies"
475,campinggear,Outdoors
476,cannabis ,"Drugs,Marijuana"
477,cardano,Money
478,carporn,Automotive
479,cars,Automotive
480,cartalk,Automotive
481,castiron,"Food,Cooking"
482,castles ,"History,Historical Images"
483,casualchildabuse,"Disgusting/Angering/Scary/Weird,Angering"
484,casualconversation,General
485,casualiama,AMA
486,catgifs,"Mammals,Cats"
487,catloaf,"Mammals,Cats"
488,catpictures,"Mammals,Cats"
489,catpranks,"Mammals,Cats"
490,cats,Cute
491,cats (more here from CatSubs),"Mammals,Cats"
492,catsareassholes,"Mammals,Cats"
493,catsareliquid,"Mammals,Cats"
494,catsisuottatfo,"Mammals,Cats"
495,catslaps,"Mammals,Cats"
496,catsstandingup,"Mammals,Cats"
497,catswhoyell,"Mammals,Cats"
498,catswithjobs,"Mammals,Cats"
499,cattaps,"Mammals,Cats"
500,ccw,"Guns,Car companies"
501,celebhub ,"Celebrities,Individual books/stories/comics"
502,celebs,"Celebrities,Individual books/stories/comics"
503,chairsunderwater ,"Art,Reddit"
504,changemyview,General
505,chaoticgood,"Weird Feelings/Categorize Later,Hold My ____"
506,cheap_meals,"Money,Budget"
507,chemicalreactiongifs,"Gifs,Science,Science,Chemistry"
508,chemistry ,"Science,Chemistry"
509,chess,"Games,Individual Celebrities"
510,childfree,"Relationships/Sex,Family"
511,china,"Geography,Asia"
512,chonkers,"Mammals,Cats"
513,chromecast,Google Products
514,churning,"Money,Specific food"
515,cinematography,"Movies,YouTube"
516,citiesskylines,Video Games
517,civ,Video Games
518,clashofclans,Video Games
519,classicalmusic,"Music,Genres"
520,classicwow,Video Games
521,clevercomebacks,"Cringe,Called out"
522,coaxedintoasnafu,"Parodies,Politics"
523,cocktails,"Drugs,Alcohol"
524,codcompetitive,Video Games
525,coding,"Computer Science/Engineering,Tech Related,Coding,Coding"
526,coffee,"Food,Drinks (non-alcoholic)"
527,cogsci,"Science,Historical Images"
528,collapse,"Weird Feelings/Categorize Later,Hold My ____"
529,collegebasketball,"Sports,Basketball"
530,coloringcorruptions,Arts/Writing
531,colorization ,"Images,Photoshop"
532,combatfootage,"Combat,Car companies"
533,combinedgifs,"Gifs,Weird Feelings/Categorize Later"
534,comedyheaven,"General Humor,Comedy"
535,comedyhomicide,"General Humor,Comedy"
536,comedynecromancy,"General Humor,Comedy"
537,comedynecrophilia ,"General Humor,Comedy"
538,comicbooks,"Books/Writing,Comics"
539,comics,"Books/Writing,Comics"
540,community,"TV,Individual Shows"
541,competitiveoverwatch,Video Games
542,compsci,"Computer Science/Engineering,Tech Related,Coding,Car companies"
543,confession,"Stories,Ask______"
544,confessions,"Stories,Ask______"
545,confusing_perspective,"Weird Feelings/Categorize Later,Hold My ____"
546,congratslikeimfive,"General Humor,Sound"
547,conspiracy,Conspiracy
548,conspiratard,Conspiracy
549,contagiouslaughter,"General Humor,Sound"
550,continuityporn,"Movies,YouTube"
551,convenientcop,Automotive
552,cooking,"Food,Cooking"
553,cookingforbeginners,"Food,Cooking"
554,cordcutters,TV
555,corgi,Cute
556,corporatefacepalm,Cringe
557,cosplay,"Cosplay,General,Individual Celebrities"
558,cosplaygirls ,"Cosplay,Individual Celebrities"
559,coupons,"Free Stuff,Scary (potentially NSFL)"
560,cozyplaces,Visually Appealing
561,cpp,"Computer Science/Engineering,Tech Related,Coding,Coding"
562,crafts,Arts/Writing
563,crappydesign,"Disgusting/Angering/Scary/Weird,Shitty,Angering,Politics"
564,crappyoffbrands,"Money,Consumerism"
565,crazyideas,General
566,creepyPMs,"Internet/Apps,Sci-fi"
567,creepyasterisks,"Cringe,Neckbeard"
568,crimescene ,"Disgusting/Angering/Scary/Weird,Scary (potentially NSFL)"
569,cringe,Cringe
570,cringepics,Cringe
571,cringetopia,Cringe
572,criticalrole,"Games,Dungeons and Dragons"
573,crochet,General
574,crossstitch,General
575,crusaderkings,Video Games
576,cryptomarkets,Digital Currency
577,cscareerquestions,"Computer Science/Engineering,Job finding,Painting,Car companies"
578,csgo,Video Games
579,cubers,General
580,cursed_images ,"Disgusting/Angering/Scary/Weird,Cursed"
581,cursedcomments,"Disgusting/Angering/Scary/Weird,Cursed"
582,cursedimages,"Disgusting/Angering/Scary/Weird,Cursed"
583,customhearthstone,Video Games
584,cyberpunk ,"Genres,Magic"
585,cyberpunkgame,Video Games
586,daddit,"Communities,Relationships/Sex,Parenting,Family"
587,dadjokes,"General Humor,Jokes"
588,dadreflexes,"General Humor,Sound"
589,dailyprogrammer,"Tech Related,Coding"
590,damnthatsinteresting,"Images,Interesting"
591,dangerousdesign ,Design
592,dankchristianmemes,"Religion/Beliefs,Christianity"
593,dark_humor,"General Humor,Sound"
594,darkestdungeon,Video Games
595,darkhumorandmemes ,"General Humor,Sound"
596,darkjokes ,"General Humor,Jokes"
597,dashcamgifs ,Automotive
598,dataisbeautiful,Data
599,datascience ,Data
600,dating_advice,"Relationships/Sex,Relationships"
601,dayz,Video Games
602,dbz,"Anime/Manga,Individual Anime/manga"
603,de_Iama ,AMA
604,deadbedrooms,"Relationships/Sex,Sex"
605,deadbydaylight,Video Games
606,deadpool,"Books/Writing,Individual books/stories/comics"
607,deals,"Free Stuff,Scary (potentially NSFL)"
608,dealsreddit,"Free Stuff,Scary (potentially NSFL)"
609,deathgrips,"Music,Artists"
610,decreasinglyverbose,Games
611,defenders,"Books/Writing,Comics"
612,delusionalartists,"Cringe,Called out"
613,delusionalcraigslist,"Cringe,Called out"
614,denmark,"Geography,Europe"
615,depression,Support
616,design,Design
617,designerreps ,"Fashion/Beauty,Fashion"
618,designporn,Design
619,desirepath,Visually Appealing
620,destiny2,Video Games
621,diablo,Video Games
622,diablo3,Video Games
623,didntknowiwantedthat ,"Money,Consumerism"
624,digitalnomad,General
625,discordapp,"Internet/Apps,Sci-fi"
626,divinityoriginalsin,Video Games
627,dmt ,"Drugs,Other drugs"
628,dndmemes ,"Games,Dungeons and Dragons"
629,dndnext,"Games,Dungeons and Dragons"
630,documentaries,"Movies,YouTube"
631,dogberg,"Mammals,Dogs"
632,dogecoin,"Money,Digital Currency"
633,dogpictures,"Images,Mammals,Science,Dogs"
634,dogs,"Mammals,Cute,Dogs"
635,dogswithjobs,"Mammals,Dogs"
636,dogtraining,"Mammals,Dogs"
637,donaldglover,"Music,Artists"
638,dontdeadopeninside,Design
639,dontfundme,"Cringe,Called out"
640,donthelpjustfilm,Videos
641,dontputyourdickinthat,"Weird Feelings/Categorize Later,Hold My ____"
642,dontyouknowwhoiam,"Cringe,Called out"
643,doom,Video Games
644,dragonage,Video Games
645,drama,"Meta,Drama"
646,drawing,"Art,Questions"
647,drugs,"Drugs,Other drugs"
648,drums,"Music,Car companies"
649,drums ,"Music,Instruments"
650,drunk,"Drugs,Alcohol"
651,drunkorakid,"Weird Feelings/Categorize Later,Hold My ____"
652,duellinks,Video Games
653,dumpsterdiving,General
654,dungeonsanddragons,"Games,Dungeons and Dragons"
655,dwarffortress,Video Games
656,earthporn,"Nature,Looking for something"
657,eatsandwiches,"Food,Fashion"
658,economy,"Money,Specific food"
659,edh,Video Games
660,edmproduction,"Music,Car companies"
661,educationalgifs,"Gifs,Weird Feelings/Categorize Later"
662,efreebies,"Free Stuff,Scary (potentially NSFL)"
663,elderscrollsonline,Video Games
664,eldertrees,"Drugs,Marijuana"
665,electronic_cigarette,"Drugs,Other drugs"
666,electronics,Gadgets
667,elitedangerous,Video Games
668,eminem,"Music,Artists"
669,empiredidnothingwrong,Conspiracy
670,emulation,Video Games
671,emuwarflashbacks,"Birds,Jokes"
672,energy,"News/Politics,News"
673,engineering,"Computer Science/Engineering,Tech Related,Painting,Car companies"
674,engrish,Cringe
675,entertainment,General
676,entrepreneur,"Economics,Coding"
677,environment,"Environment,Stocks"
678,escapefromtarkov,Video Games
679,ethereum,"Money,Digital Currency"
680,ethtrade,Money
681,ethtrader,Digital Currency
682,etymology ,"Language,Historical Images"
683,eu4,Video Games
684,europe,"Geography,Europe"
685,eve,Video Games
686,evenwithcontext,"Meta,South America"
687,everymanshouldknow,"For Men,Scary (potentially NSFL)"
688,everythingscience,"Science,Historical Images"
689,evilbuildings,"Weird Feelings/Categorize Later,Hold My ____"
690,excel,"Microsoft Products,Programming"
691,exmormon,"Religion/Beliefs,Christianity"
692,eyebeach,Cute
693,eyebleach,Visually Appealing
694,facebookwins,"Internet/Apps,Facebook"
695,facepalm,"Internet/Apps,Internet/Apps,Cringe,Cringe,Cringe,Called out"
696,facingtheirparenting,"Cringe,Called out"
697,factorio,Video Games
698,fakehistoryporn,"Parodies,Politics"
699,fallout,Video Games
700,fantasy ,"Genres,Fantasy"
701,fantasybaseball ,"Sports,Baseball"
702,fantasybball ,"Sports,Basketball"
703,fantasyfootball,"Sports,American Football"
704,fantasypl ,"Sports,Soccer"
705,fantheories,General
706,farcry,Video Games
707,fashion,"Fashion/Beauty,Fashion"
708,fasting ,"Food,Diets"
709,fatlogic,Cringe
710,fatpeoplestories,"Stories,Ask______"
711,fbiopenup,"Weird Feelings/Categorize Later,Hold My ____"
712,feedthebeast,Video Games
713,fellowkids,Cringe
714,femalefashionadvice,"Fashion/Beauty,For Women,Fashion,Scary (potentially NSFL)"
715,ffxiv,Video Games
716,ffxv,Video Games
717,fifa,Video Games
718,fifthworldpics,"Weird Feelings/Categorize Later,Hold My ____"
719,fiftyfifty,"Weird Feelings/Categorize Later,Hold My ____"
720,fightporn,"Weird Feelings/Categorize Later,Hold My ____"
721,finance,"Money,Specific food"
722,financialindependence,"Money,Specific food"
723,findareddit ,"Meta,Subreddits"
724,firearms,"Guns,Car companies"
725,fireemblem,Video Games
726,firefly,"TV,Individual Shows"
727,firefox ,Business Tech
728,fireteams,Video Games
729,firstworldanarchists,"Parodies,Politics"
730,firstworldproblems,"Weird Feelings/Categorize Later,Hold My ____"
731,fitandnatural,"Images,Images/Gifs of Women (SFW)"
732,fitmeals,"Food,Diets"
733,flipping,"Money,Specific food"
734,floridaman,"News/Politics,News"
735,flying ,"Planes,Car companies"
736,fo4,Video Games
737,fo76,Video Games
738,food,"Food,Fashion"
739,foodhacks,"Food,Fashion"
740,footballmanagergames,Video Games
741,forbiddensnacks,"Food,Fashion"
742,foreveralone,Support
743,forhire,"Job finding,Car companies"
744,forhonor,Video Games
745,formula1,"Sports,Cars"
746,forwardsfromgrandma,Nostalgia/Time
747,forza,Video Games
748,foundpaper,"Images,Science"
749,fountainpens,"Arts/Writing,Writing"
750,foxes,"Mammals,Jokes"
751,frankocean,"Music,Artists"
752,free ,"Free Stuff,Scary (potentially NSFL)"
753,freeEbooks,"Books/Writing,Free Stuff,Individual Anime/manga,Scary (potentially NSFL)"
754,freebies,"Free Stuff,Scary (potentially NSFL)"
755,freegamefindings,"Free Stuff,Scary (potentially NSFL),Video Games"
756,freegamesonsteam,"Free Stuff,Scary (potentially NSFL),Video Games"
757,french,"Language,Historical Images"
758,friendsafari,Video Games
759,frisson,"Mind blowing,Looking for something"
760,frugal,"Money,Budget"
761,frugal_jerk,"Meta,Circlejerks"
762,frugalmalefashion,"Fashion/Beauty,Money,For Men,Fashion,Budget,Scary (potentially NSFL)"
763,fuckthesepeople,"Disgusting/Angering/Scary/Weird,Angering"
764,fuckyouinparticular,"Weird Feelings/Categorize Later,Hold My ____"
765,fuckyoukaren,"Cringe,Called out"
766,fullmoviesonvimeo,"Movies,Free Stuff,YouTube,Scary (potentially NSFL)"
767,fullmoviesonyoutube,"Movies,Free Stuff,YouTube,Scary (potentially NSFL)"
768,functionalprint ,3D Printing
769,funny,"General Humor,Sound"
770,funnyandsad,"General Humor,Sound"
771,futbol,"Sports,Soccer"
772,gadgets,Gadgets
773,gamecollecting,Video Games
774,gamedev,"Computer Science/Engineering,Painting"
775,gamemusic,"Music,Genres,Video Games"
776,gamephysics,Video Games
777,gamernews,"News/Politics,News,Video Games"
778,gamersriseup,Video Games
779,gaming,Video Games
780,gaming4gamers,Video Games
781,gamingcirclejerk,Video Games
782,gamingdetails,Video Games
783,gamingpc,Video Games
784,gardening,"Gardening,Car companies"
785,garlicoin,Money
786,gatekeeping,"Cringe,Neckbeard"
787,gatesopencomeonin ,Self-Improvement
788,gay,"Communities,LGBT"
789,gay_irl ,"Communities,LGBT"
790,gaybros,"Communities,LGBT"
791,gaymers,"Communities,LGBT"
792,geek,"General,Tech Support"
793,gentlemanboners,"Images,Images/Gifs of Women (SFW)"
794,geology ,"Science,Historical Images"
795,getdisciplined,Self-Improvement
796,ghettoglamourshots,"Disgusting/Angering/Scary/Weird,Judgy"
797,ghibli,"Movies,YouTube"
798,ghosts,"Disgusting/Angering/Scary/Weird,Scary (potentially NSFL)"
799,gif,"Gifs,Weird Feelings/Categorize Later"
800,gifextra,"Gifs,Weird Feelings/Categorize Later"
801,gifrecipes,"Gifs,Food,Weird Feelings/Categorize Later,Recipes"
802,gifs,"Gifs,Weird Feelings/Categorize Later"
803,gifsound,"Gifs,Weird Feelings/Categorize Later"
804,gifsthatendtoosoon,"Disgusting/Angering/Scary/Weird,Angering"
805,gifsthatkeepongiving,"Gifs,Weird Feelings/Categorize Later"
806,girlsmirin,"Images,Images/Gifs of Women (SFW)"
807,glitch_art,Arts/Writing
808,glitchinthematrix ,"Mind blowing,Looking for something"
809,globaloffensivetrade,Video Games
810,goatparkour,"Mammals,Jokes"
811,goddesses,"Images,Images/Gifs of Women (SFW)"
812,godofwar,Video Games
813,godtiersuperpowers,Games
814,goodfaketexts,"Cringe,Called out"
815,google,"Internet/Apps,Sci-fi,Google Products"
816,googlehome ,Google Products
817,googlepixel,Google Products
818,googleplaydeals,"Free Stuff,Scary (potentially NSFL)"
819,gopro,Gadgets
820,gorillaz,"Music,Artists"
821,graffiti,"Art,Questions"
822,grandorder,Video Games
823,graphic_design,"Design,Tech Related,Car companies"
824,greendawn,"Weird Feelings/Categorize Later,Hold My ____"
825,greentext ,"Internet/Apps,4chan"
826,grilledcheese,"Food,Specific food"
827,gtage ,Visually Appealing
828,gtaonline,Video Games
829,gtav,Video Games
830,guildwars2,Video Games
831,guitar,"Music,Music,Instruments,Car companies"
832,gundeals,"Guns,Car companies"
833,gunpla,General
834,gunporn,"Guns,Car companies"
835,guns,"Guns,Car companies"
836,gwent,Video Games
837,hadtohurt,"Weird Feelings/Categorize Later,Hold My ____"
838,hailcorporate,"Parodies,Politics"
839,halloween,"Weird Feelings/Categorize Later,Hold My ____"
840,halo,Video Games
841,haloonline,Video Games
842,handwriting,"Arts/Writing,Visually Appealing,Writing,Politics"
843,happy,Self-Improvement
844,happycowgifs,"Mammals,Jokes"
845,happycrowds,Self-Improvement
846,happycryingdads,"Weird Feelings/Categorize Later,Hold My ____"
847,hardbodies,"Images,Images/Gifs of Women (SFW)"
848,hardcoreaww,"Nature,Looking for something"
849,harrypotter,"Books/Writing,Movies,Individual books/stories/comics,Individual Movies/Series"
850,headphones,Sound
851,health,"Exercise/Health,Other drugs"
852,hearthstone,Video Games
853,heavymind,"Art,Questions"
854,heavyseas ,"Nature,Looking for something"
855,heroesofthestorm,Video Games
856,hfy,"Books/Writing,Individual Anime/manga"
857,highqualitygifs,"Gifs,Weird Feelings/Categorize Later"
858,hiking,"Hiking,Car companies"
859,historymemes,"History,Historical Images"
860,hitboxporn,Video Games
861,hitmanimals,"Nature,Looking for something"
862,hittablefaces,"Disgusting/Angering/Scary/Weird,Judgy"
863,hmmm,"Weird Feelings/Categorize Later,Hold My ____"
864,hmmmgifs,"Weird Feelings/Categorize Later,Hold My ____"
865,hobbydrama,"Meta,Drama"
866,hockey,"Sports,Hockey"
867,hoi4,Video Games
868,holdmybeaker,"Visually Appealing,Hold My ____"
869,holdmybeer,"Visually Appealing,Hold My ____"
870,holdmycatnip,"Mammals,Visually Appealing,Cats,Hold My ____"
871,holdmycosmo,"Visually Appealing,Hold My ____"
872,holdmyfeedingtube ,"Visually Appealing,Hold My ____"
873,holdmyfries,"Visually Appealing,Hold My ____"
874,holdmyjuicebox,"Visually Appealing,Hold My ____"
875,holdmyredbull,"Visually Appealing,Hold My ____"
876,holup,Cringe
877,homeautomation,"General,Home"
878,homeimprovement,"General,Home"
879,homelab,"General,Home"
880,homestead,Outdoors
881,hometheater ,"General,Home"
882,hongkong ,"Geography,Asia"
883,horizion,Video Games
884,horror,"Disgusting/Angering/Scary/Weird,Scary (potentially NSFL)"
885,houseofcards,"TV,Individual Shows"
886,houseplants ,"Nature,Plants/Fungi"
887,howtohack,"Computer Science/Engineering,Coding"
888,howtonotgiveafuck,General
889,howyoudoin (Friends),"TV,Individual Shows"
890,humansaremetal,"Weird Feelings/Categorize Later,Hold My ____"
891,humansbeingbros,"Visually Appealing,Sex,Politics"
892,humblebrag,"Cringe,Neckbeard"
893,humor,"General Humor,Sound"
894,hunterxhunter,"Anime/Manga,Individual Anime/manga"
895,iamatotalpieceofshit,"Cringe,Called out"
896,idiotsfightingthings,"Weird Feelings/Categorize Later,Hold My ____"
897,idiotsincars,Automotive
898,idiotsnearlydying,"Weird Feelings/Categorize Later,Hold My ____"
899,idontworkherelady,"Stories,Customer Service"
900,ifyoulikeblank,General
901,ihadastroke,"Cringe,Called out"
902,ihavesex,"Cringe,Called out"
903,iiiiiiitttttttttttt ,"Tech Related,Tech Support"
904,illegallifeprotips ,"General,Tech Support"
905,illustration,"Art,Questions"
906,illustration ,Arts/Writing
907,im14andthisisdeep,"Parodies,Politics"
908,images,"Images,Science"
909,imgoingtohellforthis,"Disgusting/Angering/Scary/Weird,Edgy"
910,inceltears,"Cringe,Neckbeard"
911,incest,"Relationships/Sex,Family"
912,inclusiveor,"Weird Feelings/Categorize Later,Hold My ____"
913,india,"Geography,Asia"
914,indianpeoplefacebook,"Internet/Apps,Facebook"
915,indieheads,"Music,Genres"
916,indoorgarden ,"Gardening,Car companies"
917,ineeeedit,"Money,Consumerism"
918,insanepeoplefacebook ,"Internet/Apps,Facebook"
919,instagramreality,"Internet/Apps,Sci-fi"
920,instant_regret,Cringe
921,instantbarbarians,Cringe
922,instantkarma,"Weird Feelings/Categorize Later,Hold My ____"
923,instantpot,"Food,Cooking"
924,instantregret,"Weird Feelings/Categorize Later,Hold My ____"
925,interestingasfuck,"Images,Interesting"
926,intermittentfasting,"Food,Diets"
927,internetstars,"Internet/Apps,Sci-fi"
928,introvert,"Communities,Home"
929,investing,"Money,Betting/Investing/Stocks"
930,ipad,Apple Products
931,iphone,Apple Products
932,ireland,"Geography,Europe"
933,irleastereggs ,"Parodies,Politics"
934,irlsmurfing ,"Fake it til you make it,Car companies"
935,isitbullshit,Question/Answer
936,italy,"Geography,Europe"
937,itemshop,Video Games
938,itookapicture,"Images,Photography/Film,Science,Car companies"
939,itsaunixsystem,Tech Related
940,iwantout,Self-Improvement
941,japanesegameshows,TV
942,japantravel,Travel
943,java,"Computer Science/Engineering,Tech Related,Coding,Coding,Programming"
944,javascript,"Computer Science/Engineering,Coding,Programming"
945,jazz,"Music,Genres"
946,jeep ,"Automotive,Car companies"
947,jellybeantoes,"Mammals,Cats"
948,jesuschristouija ,Games
949,jesuschristreddit,"Meta,Negative"
950,jrpg,Video Games
951,jrpg ,"Games,Individual Celebrities"
952,justbootthings ,"Combat,Car companies"
953,justiceserved,"Weird Feelings/Categorize Later,Hold My ____"
954,justnofamily ,"Relationships/Sex,Family"
955,justnomil,"Relationships/Sex,Family"
956,justrolledintotheshop,Automotive
957,kamikazebywords,"Cringe,Called out"
958,kanye,"Music,Artists"
959,karmaconspiracy,"Conspiracy,Cringe,Negative"
960,karmacourt,"Meta,Negative"
961,keming,Design
962,kenm,"General Humor,Sound"
963,ketorecipes,"Food,Diets"
964,kidsarefuckingstupid,"General Humor,Sound"
965,killthecameraman,Videos
966,kingdomcome,Video Games
967,kingdomhearts,Video Games
968,knifeclub ,Tools
969,knitting,General
970,knives,Tools
971,kurzgesagt,"Weird Feelings/Categorize Later,Hold My ____"
972,languagelearning,"Language,Historical Images"
973,lastimages,"Disgusting/Angering/Scary/Weird,Scary (potentially NSFL)"
974,latinopeopletwitter ,"Internet/Apps,Twitter"
975,law ,"Law,Historical Images"
976,leafs ,"Sports,Hockey"
977,leagueoflegends,Video Games
978,learnart,"Art,Questions"
979,learnjapanese,"Language,Historical Images"
980,learnprogramming,"Computer Science/Engineering,Coding,Programming"
981,learnpython,"Programming,Self-Improvement"
982,leaves,"Drugs,Marijuana"
983,lego,"Games,Individual Celebrities"
984,letterkenny ,"TV,Individual Shows"
985,lewronggeneration,Cringe
986,lgbt,"Communities,LGBT"
987,lifehacks,"General,Tech Support"
988,lifeisstrange,"TV,Individual Shows"
989,lifeofnorman,"Books/Writing,Individual Anime/manga"
990,linguistics,"Language,Historical Images"
991,linux,Linux
992,linux4noobs,Linux
993,linux_gaming,"Linux,Video Games"
994,linuxmasterrace,Linux
995,litecoin,"Money,Digital Currency"
996,literature,"Books/Writing,Individual Anime/manga"
997,livestreamfail ,"Internet/Apps,Live Streaming"
998,loadingicon,"Gifs,Weird Feelings/Categorize Later"
999,lockpicking,Tools
1000,logodesign,Design
1001,longboarding ,"Sports,Boards"
1002,lostgeneration,"Weird Feelings/Categorize Later,Hold My ____"
1003,lostredditors,"Cringe,Called out"
1004,lotr,"Movies,Individual Movies/Series"
1005,lotrmemes,"Movies,Individual Movies/Series"
1006,lovecraft ,"Books/Writing,Individual Anime/manga"
1007,mac,Apple Products
1008,machinelearning,"Computer Science/Engineering,Coding"
1009,mademesmile,Self-Improvement
1010,magicTCG,"Games,Magic"
1011,magicarena ,"Games,Magic"
1012,makemesuffer ,"Disgusting/Angering/Scary/Weird,Angering"
1013,makenewfriendshere ,General
1014,makeupaddiction,"Fashion/Beauty,Body Image"
1015,malefashion,"Fashion/Beauty,For Men,Fashion,Scary (potentially NSFL)"
1016,malefashionadvice,"Fashion/Beauty,Fashion"
1017,malehairadvice,"For Men,Scary (potentially NSFL)"
1018,malelifestyle,"General,For Men,Gender,Scary (potentially NSFL)"
1019,malelivingspace,"General,For Men,Gender,Scary (potentially NSFL)"
1020,maliciouscompliance,"Parodies,Politics"
1021,mallninjashit,"Cringe,Neckbeard"
1022,manga,"Anime/Manga,Physics"
1023,marijuana,"Drugs,Marijuana"
1024,marijuanaenthusiasts,"Nature,Plants/Fungi"
1025,marketing,"Economics,Coding"
1026,marvel,"Books/Writing,Comics"
1027,marvelmemes,"Books/Writing,Comics"
1028,marvelstudios,"Books/Writing,TV,Comics,Soccer"
1029,masseffect,Video Games
1030,masterhacker,Cringe
1031,masterreturns,"Mammals,Dogs"
1032,math,"Math,Historical Images"
1033,mealprepsunday,"Food,Cooking"
1034,mealtimevideos,"Food,Fashion"
1035,meanjokes,"General Humor,Jokes"
1036,mechanical_gifs,"Gifs,Weird Feelings/Categorize Later"
1037,mechanicalkeyboards,Tech Related
1038,medicalschool,"Medicine,Historical Images"
1039,medicine,"Science,Historical Images"
1040,meditation,"Exercise/Health,Mental"
1041,medizzy ,"Medicine,Historical Images"
1042,megalinks,"Free Stuff,Scary (potentially NSFL)"
1043,melbourne,"Geography,Oceania"
1044,mentalhealth ,"Exercise/Health,Mental"
1045,menwritingwomen ,"For Women,Scary (potentially NSFL)"
1046,meow_irl,"Mammals,Cats"
1047,metalgearsolid,Video Games
1048,mgtow,"For Men,Scary (potentially NSFL)"
1049,michaelbaygifs,"Gifs,Weird Feelings/Categorize Later"
1050,microgrowery,"Drugs,Marijuana"
1051,microsoft ,Microsoft Products
1052,mildlyinfuriating,"Disgusting/Angering/Scary/Weird,Angering"
1053,"mildlyinteresting (see also: the ""Mild Network""). Not all are active!","Images,Interesting"
1054,mildlypenis,"Weird Feelings/Categorize Later,Hold My ____"
1055,military,"Combat,Car companies"
1056,militarygfys,"Combat,Car companies"
1057,millionairemakers,"Money,Betting/Investing/Stocks"
1058,minecraft,Video Games
1059,minimalism,Visually Appealing
1060,minipainting ,"Art,Painting"
1061,miniworlds,"Images,Science"
1062,misleadingthumbnails,"Images,Unexpected,Science,Politics"
1063,mlb,"Sports,Baseball"
1064,modelmakers,General
1065,modernmagic,"Games,Magic"
1066,monero,Digital Currency
1067,monsterhunter,Video Games
1068,montageparodies,"Parodies,Politics"
1069,morbidquestions ,Question/Answer
1070,morbidreality,"Disgusting/Angering/Scary/Weird,Scary (potentially NSFL)"
1071,mortalkombat,Video Games
1072,mostbeautiful,Visually Appealing
1073,motivation,Self-Improvement
1074,motivation ,"Exercise/Health,Other drugs"
1075,motorcycles  (motorcycle multi compiled by unoeatnosleep. Not all active.),Automotive
1076,mountandblade,Video Games
1077,moviedetails,"Movies,YouTube"
1078,movies,"Movies,YouTube"
1079,moviescirclejerk ,"Movies,Meta,YouTube,Circlejerks"
1080,moviesinthemaking,"Movies,YouTube"
1081,mrrobot,"TV,Individual Shows"
1082,multicopter,Tech Related
1083,murderedbywords,"Cringe,Called out"
1084,mycology,"Nature,Plants/Fungi"
1085,mypeopleneedme,"Weird Feelings/Categorize Later,Hold My ____"
1086,naruto,"Anime/Manga,Individual Anime/manga"
1087,nasa,Business Tech
1088,natureisfuckinglit,"Nature,Looking for something"
1089,natureismetal,"Nature,Violent Nature"
1090,naturewasmetal ,"Nature,Violent Nature"
1091,nba,"Sports,Basketball"
1092,nba2k,Video Games
1093,nbastreams,"Sports,Basketball"
1094,neckbeardrpg,"Cringe,Neckbeard"
1095,neo ,Digital Currency
1096,neverbrokeabone,"Communities,Home"
1097,nevertellmetheodds,Visually Appealing
1098,newreddits,"Meta,Subreddits"
1099,news,"News/Politics,News"
1100,newzealand,"Geography,Oceania"
1101,nextfuckinglevel,"Weird Feelings/Categorize Later,Hold My ____"
1102,nfl,"Sports,American Football"
1103,nflstreams ,"Sports,American Football"
1104,nhl,"Sports,Hockey"
1105,nhlstreams,"Sports,Hockey"
1106,niceguys,"Cringe,Neckbeard"
1107,nintendo,"Business Tech,Video Games"
1108,nintendoswitch,Video Games
1109,nintendoswitchdeals,Video Games
1110,nocontext,"Meta,South America"
1111,nocontextpics,"Images,Science"
1112,nofap,"Relationships/Sex,Sex"
1113,noisygifs,"Gifs,Weird Feelings/Categorize Later"
1114,nomansskythegame,Video Games
1115,nononono,"Disgusting/Angering/Scary/Weird,Scary (potentially NSFL)"
1116,nonononoyes,Visually Appealing
1117,norge,"Geography,Europe"
1118,nosleep,"Stories,Disgusting/Angering/Scary/Weird,Scary/Weird,Scary (potentially NSFL)"
1119,nostalgia,Nostalgia/Time
1120,nothingeverhappens,"Cringe,Called out"
1121,nothowdrugswork,"Cringe,Neckbeard"
1122,nothowgirlswork,"For Women,Scary (potentially NSFL)"
1123,notinteresting,"Weird Feelings/Categorize Later,Hold My ____"
1124,notkenm,"General Humor,Sound"
1125,notmyjob,"Weird Feelings/Categorize Later,Hold My ____"
1126,nottheonion,"News/Politics,News"
1127,nottimanderic,Videos
1128,nuclearrevenge ,"Stories,Revenge"
1129,nutrition,"Food,Fashion"
1130,nvidia,Business Tech
1131,obscuremedia ,General
1132,occult ,Religion/Beliefs
1133,oculus,Video Games
1134,oddlyspecific,"General Humor,Sound"
1135,ofcoursethatsathing,"Meta,Subreddits"
1136,offbeat,"News/Politics,News"
1137,offlinetv,TV
1138,offmychest,Support
1139,okbuddyretard,"Weird Feelings/Categorize Later,Hold My ____"
1140,oldpeoplefacebook,"Internet/Apps,Facebook"
1141,oldphotosinreallife ,Nostalgia/Time
1142,olympics,"Sports,Olympics"
1143,onejob,"Weird Feelings/Categorize Later,Hold My ____"
1144,onepiece,"Anime/Manga,Individual Anime/manga"
1145,oneplus ,Android products
1146,onepunchman,"Anime/Manga,Individual Anime/manga"
1147,ooer,"Weird Feelings/Categorize Later,Hold My ____"
1148,oopsdidntmeanto,"Cringe,Called out"
1149,opendirectories,"Free Stuff,Scary (potentially NSFL)"
1150,orangeisthenewblack,"TV,Individual Shows"
1151,osugame,Video Games
1152,otmemes ,"Movies,Individual Movies/Series"
1153,outdoors,Outdoors
1154,outrun,"Music,Genres"
1155,outside,"Parodies,Politics,Video Games"
1156,overwatch,Video Games
1157,overwatchuniversity,Video Games
1158,painting,"Art,Painting"
1159,paladins,Video Games
1160,paradoxplaza,Video Games
1161,parenting,"Communities,Parenting"
1162,partyparrot,"Birds,Jokes"
1163,pathfinderrpg,Video Games
1164,pathofexile,Video Games
1165,patientgamers,Video Games
1166,paydaytheheist,Video Games
1167,pcgaming,Video Games
1168,pcmasterrace,Video Games
1169,penmanshipporn,Visually Appealing
1170,peoplebeingjerks,"Disgusting/Angering/Scary/Weird,Angering"
1171,peoplefuckingdying,"Disgusting/Angering/Scary/Weird,Scary (potentially NSFL)"
1172,peopleofwalmart,"Disgusting/Angering/Scary/Weird,Judgy"
1173,perfectfit,Visually Appealing
1174,perfectloops,"Gifs,Visually Appealing,Weird Feelings/Categorize Later"
1175,perfectlycutscreams,Videos
1176,perfecttiming,"Images,Science"
1177,persona5,Video Games
1178,personalfinancecanada ,"Money,Specific food"
1179,petthedamndog ,"Mammals,Dogs"
1180,pettyrevenge,"Stories,Revenge"
1181,philosophy,"Religion/Beliefs,Philosophy"
1182,phonesarebad,"Cringe,Called out"
1183,photocritique,Photography/Film
1184,photography,Photography/Film
1185,photoshop,Business Tech
1186,physics ,"Science,Physics"
1187,physicsgifs ,"Gifs,Science"
1188,piano,"Music,Music,Instruments,Car companies"
1189,pic,"Images,Science"
1190,pics,"Images,Science"
1191,piercing ,"Fashion/Beauty,Body Image"
1192,pinkfloyd ,"Music,Artists"
1193,pixelart,"Art,Questions"
1194,pizza,"Food,Specific food"
1195,place,"Art,Reddit"
1196,plantedtank ,Aquariums
1197,playitagainsam ,"Images,Interesting"
1198,playrust,Video Games
1199,playstation,Video Games
1200,playstationplus,Video Games
1201,plex,Tech Related
1202,podcasts ,"Internet/Apps,Podcasts"
1203,poetry,"Books/Writing,Individual Anime/manga"
1204,pokemon,"Anime/Manga,Individual Anime/manga"
1205,pokemongo,Video Games
1206,pokemontrades,Video Games
1207,poker,"Games,Individual Celebrities"
1208,polandball,"Books/Writing,Comics"
1209,politicalhumor,"General Humor,Sound"
1210,polska,"Geography,Europe"
1211,polyamory,"Communities,Home"
1212,polyamory ,"Relationships/Sex,Sex"
1213,postprocessing ,Photography/Film
1214,povertyfinance ,"Money,Budget"
1215,powerwashingporn,Visually Appealing
1216,praisethecameraman,Videos
1217,prematurecelebration,"General Humor,Sound"
1218,preppers,General
1219,prettygirls,"Images,Images/Gifs of Women (SFW)"
1220,prettygirlsuglyfaces ,"Images,Redditors/Selfies"
1221,prisonwallet ,"Weird Feelings/Categorize Later,Hold My ____"
1222,productivity,Self-Improvement
1223,programmerhumor,Tech Related
1224,programming,"Programming,Self-Improvement"
1225,programminghorror ,Tech Related
1226,projectcar,Automotive
1227,prorevenge,"Stories,Revenge"
1228,psychology,"Psychology,Historical Images"
1229,pubgmobile,Video Games
1230,pubgxboxone,Video Games
1231,publicfreakout,Cringe
1232,punchablefaces,"Disgusting/Angering/Scary/Weird,Judgy"
1233,punny,"General Humor,Jokes"
1234,punpatrol,"Meta,Positive"
1235,puns,"General Humor,Jokes"
1236,puppies,"Mammals,Dogs"
1237,puppysmiles,"Mammals,Dogs"
1238,pussypassdenied,"Weird Feelings/Categorize Later,Hold My ____"
1239,python,"Tech Related,Coding,Programming"
1240,quityourbullshit,"Cringe,Called out"
1241,quotes,General
1242,rabbits,"Mammals,Jokes"
1243,radiohead,"Music,Artists"
1244,rage,"Disgusting/Angering/Scary/Weird,Angering"
1245,raidsecrets,Video Games
1246,rainbow6,Video Games
1247,raining,Visually Appealing
1248,rainmeter,"General,Tech Support"
1249,raisedbynarcissists,"Relationships/Sex,Family"
1250,ramen,"Food,Specific food"
1251,randomactsofgaming,"Free Stuff,Scary (potentially NSFL),Video Games"
1252,rant ,Support
1253,rareinsults,"Cringe,Called out"
1254,raspberry_pi,Gadgets
1255,rateme,"Images,Redditors/Selfies"
1256,rbi ,"Meta,Drama"
1257,reactiongifs,"Gifs,Reaction"
1258,reactjs ,"Programming,Self-Improvement"
1259,realestate,"Money,Specific food"
1260,reallifedoodles,"Images,Photoshop"
1261,reallifeshinies,"Images,Interesting"
1262,recipes,"Food,Recipes"
1263,reddeadredemption,Video Games
1264,reddeadredemption2,Video Games
1265,redditdayof,"Weird Feelings/Categorize Later,Hold My ____"
1266,redditgetsdrawn,"Art,Questions"
1267,redditinreddit ,"Meta,South America"
1268,redditmobile ,"Meta,Apps"
1269,redditsings ,"Meta,Positive"
1270,redditsync,"Meta,Apps"
1271,redneckengineering,General
1272,relationship_advice,"Relationships/Sex,Relationships"
1273,relationships,"Relationships/Sex,Relationships"
1274,relayforreddit,"Meta,Apps"
1275,restofthefuckingowl,Arts/Writing
1276,retiredgif,"Gifs,Weird Feelings/Categorize Later"
1277,retrofuturism,"Art,Questions"
1278,retrogaming,Video Games
1279,reverseengineering,Tech Related
1280,rimjob_steve,"General Humor,Sound"
1281,rimworld,Video Games
1282,ripple,"Money,Specific food"
1283,riverdale,"TV,Individual Shows"
1284,roadcam,Automotive
1285,roadtrip,Automotive
1286,roastme,"Images,Redditors/Selfies"
1287,robinhood,"Internet/Apps,Sci-fi"
1288,rocketleague,Video Games
1289,rocketleagueexchange,Video Games
1290,rockets ,"Science,Astronomy/Aliens"
1291,romania,"Geography,Europe"
1292,rpg,"Games,Individual Celebrities"
1293,rupaulsdragrace,"TV,Individual Shows"
1294,sadcringe,Cringe
1295,samplesize,Question/Answer
1296,savedyouaclick,"Internet/Apps,Sci-fi"
1297,sbubby,"Money,Consumerism"
1298,scams,"Internet/Apps,Sci-fi"
1299,scarysigns,"Disgusting/Angering/Scary/Weird,Scary (potentially NSFL)"
1300,scenesfromahat,Games
1301,scotch,"Drugs,Alcohol"
1302,scotland,"Geography,Europe"
1303,scottishpeopletwitter,"Internet/Apps,Twitter"
1304,scp,Conspiracy
1305,screenshots ,"Images,Science"
1306,screenwriting,"Books/Writing,Arts/Writing,Individual Anime/manga,Writing"
1307,scriptedasiangifs ,"Gifs,People"
1308,scrubs,"TV,Individual Shows"
1309,security ,"Tech Related,Coding"
1310,seduction,"Relationships/Sex,Sex"
1311,see,"Drugs,Marijuana"
1312,sekiro,Video Games
1313,self,"Stories,Ask______"
1314,selfimprovement,Self-Improvement
1315,serialkillers,"Disgusting/Angering/Scary/Weird,Scary (potentially NSFL)"
1316,serialpodcast,"Internet/Apps,Podcasts"
1317,seriouseats,"Food,Fashion"
1318,sewing,General
1319,sex,"Relationships/Sex,Sex"
1320,shield,TV
1321,shitcosmosays ,"Internet/Apps,Internet Politics"
1322,shitpost,Shitty
1323,shitpostcrusaders ,"Anime/Manga,Individual Anime/manga"
1324,shittyadvice,Shitty
1325,shittyanimalfacts,Shitty
1326,shittyaskscience,Shitty
1327,shittyfoodporn,"Food,Shitty,Fashion,Politics"
1328,shittykickstarters,Shitty
1329,shittymoviedetails,"Movies,YouTube"
1330,shittymoviedetails ,Shitty
1331,shittyrainbow6,Video Games
1332,shittyreactiongifs,Shitty
1333,shittyreactiongifs ,"Gifs,Reaction"
1334,shittyrobots,Shitty
1335,shittysuperpowers,Games
1336,shoestring ,Travel
1337,shortcuts,"Internet/Apps,Sci-fi"
1338,shorthairedhotties,"Images,Images/Gifs of Women (SFW)"
1339,shortscarystories,"Stories,Disgusting/Angering/Scary/Weird,Scary/Weird,Scary (potentially NSFL)"
1340,shouldibuythisgame,"Money,Consumerism,Video Games"
1341,shrooms,"Drugs,Other drugs"
1342,shutupandtakemymoney,"Money,Consumerism"
1343,siliconvalleyhbo,"TV,Individual Shows"
1344,simpleliving,"General,Tech Support"
1345,singapore,"Geography,Asia"
1346,skateboarding,"Sports,Boards"
1347,skeptic,Conspiracy
1348,sketchdaily,"Art,Arts/Writing,Questions"
1349,skinnywithabs,"Images,Images/Gifs of Women (SFW)"
1350,skyrimmods,Video Games
1351,slavelabour ,General
1352,slavs_squatting,"Weird Feelings/Categorize Later,Hold My ____"
1353,sloths,"Mammals,Jokes"
1354,slowcooking,"Food,Cooking"
1355,slygifs,"Gifs,Unexpected,Visually Appealing,Weird Feelings/Categorize Later,Politics"
1356,smallbusiness ,"Economics,Business"
1357,smashbros,Video Games
1358,smashbrosultimate,Video Games
1359,smite,Video Games
1360,smoking,"Food,Cooking"
1361,snaplenses,"Internet/Apps,Sci-fi"
1362,snowboarding,"Sports,Boards"
1363,soccer,"Sports,Soccer"
1364,soccerstreams,"Sports,Soccer"
1365,socialanxiety,Support
1366,socialengineering,"Relationships/Sex,Philosophy"
1367,socialskills,"Relationships/Sex,Philosophy"
1368,softwaregore,"Tech Related,Tech Support"
1369,solotravel,Travel
1370,somethingimade,General
1371,sony,Video Games
1372,sousvide ,"Food,Cooking"
1373,spacex,Business Tech
1374,specart,"Art,Questions"
1375,specializedtools,Tools
1376,speedrun,Video Games
1377,spicy ,"Food,Fashion"
1378,spiderman,"Books/Writing,Individual books/stories/comics"
1379,spidermanps4,Video Games
1380,splatoon,Video Games
1381,splitdepthgifs ,"Gifs,Weird Feelings/Categorize Later"
1382,sportsarefun,Self-Improvement
1383,squaredcircle,"Sports,Fighting"
1384,standupcomedy,"General Humor,Sound"
1385,standupshots,"General Humor,Jokes"
1386,starbound,Video Games
1387,starbucks ,"Stories,Customer Service"
1388,starcitizen,Video Games
1389,starcraft,Video Games
1390,stardewvalley,Video Games
1391,startledcats,"Mammals,Cats"
1392,startups,"Money,Specific food"
1393,starwars,"Movies,Individual Movies/Series"
1394,starwarsbattlefront,Video Games
1395,steam,Video Games
1396,steamdeals,Video Games
1397,stellar,"Money,Specific food"
1398,stellaris,Video Games
1399,stepdadreflexes,"General Humor,Sound"
1400,stockmarket ,"Economics,Stocks"
1401,stocks,"Economics,Stocks"
1402,stonerengineering,"Drugs,Other drugs"
1403,stopdrinking,"Drugs,Alcohol"
1404,stopsmoking,"Drugs,Other drugs"
1405,storiesaboutkevin ,"Stories,Ask______"
1406,strangerthings,"TV,Individual Shows"
1407,streetart ,"Art,Questions"
1408,streetfighter,Video Games
1409,streetwear,"Fashion/Beauty,Fashion"
1410,stuffoncats,"Mammals,Cats"
1411,subaru,"Automotive,Car companies"
1412,subnautica,Video Games
1413,subredditoftheday,"Meta,Subreddits"
1414,subwaycreatures ,"Disgusting/Angering/Scary/Weird,Judgy"
1415,succulents,"Nature,Plants/Fungi"
1416,suggestmeabook,"Books/Writing,Individual Anime/manga"
1417,suicidebywords,"Cringe,Called out"
1418,summonerschool,Video Games
1419,summonerswar,Video Games
1420,suomi (Finland),"Geography,Europe"
1421,superbowl,"Birds,Jokes"
1422,supermodelcats,"Mammals,Cats"
1423,supernatural,"TV,Individual Shows"
1424,supremeclothing,"Fashion/Beauty,Fashion"
1425,surface,Microsoft Products
1426,survival,Outdoors
1427,survivor,"TV,Individual Shows"
1428,sushi ,"Food,Specific food"
1429,suspiciouslyspecific,"General Humor,Sound"
1430,suspiciousquotes,"Cringe,Called out"
1431,sweatypalms,"Weird Feelings/Categorize Later,Hold My ____"
1432,swoleacceptance,"Communities,Body/Diet"
1433,swtor,Video Games
1434,sydney ,"Geography,Oceania"
1435,syriancivilwar,"News/Politics,News"
1436,sysadmin,Tech Related
1437,talesfromcallcenters,"Stories,Customer Service"
1438,talesfromretail,"Stories,Customer Service"
1439,talesfromtechsupport,"Stories,Tech Related,Customer Service,Tech Support"
1440,talesfromthecustomer,"Stories,Customer Service"
1441,talesfromthepharmacy,"Stories,Customer Service"
1442,talesfromthesquadcar,"Stories,Customer Service"
1443,tall ,"Communities,Body/Diet"
1444,tea ,"Food,Drinks (non-alcoholic)"
1445,teachers,"Communities,Home"
1446,technicallythetruth,Cringe
1447,techsupport,"Tech Related,Tech Support"
1448,techsupportgore,"Tech Related,Tech Support"
1449,techsupportmacgyver,"Stories,Customer Service"
1450,teefies,"Mammals,Cats"
1451,teenagers,"Communities,Home"
1452,tendies,"Weird Feelings/Categorize Later,Hold My ____"
1453,terraria,Video Games
1454,terriblefacebookmemes,"Internet/Apps,Facebook"
1455,teslamotors,"Automotive,Car companies"
1456,teslore,Video Games
1457,tf2,Video Games
1458,thathappened,"Cringe,Called out"
1459,thatpeelingfeeling,Visually Appealing
1460,thatsinsane,"Images,Interesting"
1461,the_pack,"Weird Feelings/Categorize Later,Hold My ____"
1462,thecatdimension,"Mammals,Cats"
1463,thedivision,Video Games
1464,theexpanse,Video Games
1465,thegrandtour,"TV,Individual Shows"
1466,thelastofus,Video Games
1467,themonkeyspaw,Games
1468,thenetherlands,"Geography,Europe"
1469,theocho,"Sports,Fighting"
1470,theoryofreddit,"Meta,South America"
1471,therewasanattempt,"Weird Feelings/Categorize Later,Hold My ____"
1472,thesims,Video Games
1473,thetruthishere,"Stories,Scary/Weird"
1474,thewalkingdead,"TV,Individual Shows"
1475,theydidthemath ,"Math,Historical Images"
1476,theyknew,"Weird Feelings/Categorize Later,Hold My ____"
1477,thingsforants,"Weird Feelings/Categorize Later,Hold My ____"
1478,thinspo,"Images,Images/Gifs of Women (SFW)"
1479,thisismylifemeow,"Mammals,Cats"
1480,thisismylifenow,Cute
1481,threadkillers,"Meta,South America"
1482,thriftstorehauls,"Fashion/Beauty,Fashion"
1483,tifu,"Stories,Ask______"
1484,tightpussy,"Mammals,Cats"
1485,tihi,"Disgusting/Angering/Scary/Weird,Cursed"
1486,tiktokcringe ,"Internet/Apps,Cringe,Dogs"
1487,tiltshift,Visually Appealing
1488,tinyhouses,"General,Tech Support"
1489,tipofmytongue,General
1490,tippytaps,Cute
1491,tiresaretheenemy,Automotive
1492,titanfall,Video Games
1493,titlegore,"Meta,Negative"
1494,tldr,"Meta,South America"
1495,todayilearned,"Support,Facts"
1496,tokyoghoul,"Anime/Manga,Individual Anime/manga"
1497,tombstoning,Design
1498,tooafraidtoask,Question/Answer
1499,tooktoomuch,"Weird Feelings/Categorize Later,Hold My ____"
1500,toosoon ,"Disgusting/Angering/Scary/Weird,Edgy"
1501,topgear,"TV,Individual Shows"
1502,topmindsofreddit,"Cringe,Called out"
1503,toptalent,General
1504,totallynotrobots,"Communities,Home"
1505,totalwar,Video Games
1506,trackers,Gadgets
1507,trailerparkboys,"TV,Individual Shows"
1508,trap,"Music,Genres"
1509,trashpandas,"Mammals,Jokes"
1510,trashy,"Disgusting/Angering/Scary/Weird,Judgy"
1511,travel,Travel
1512,trees,"Drugs,Marijuana"
1513,trollychromosome,"For Men,Scary (potentially NSFL)"
1514,tronix,"Internet/Apps,Sci-fi"
1515,tropicalweather ,"Nature,Weather"
1516,trueatheism ,"Religion/Beliefs,Atheism"
1517,truecrime ,"News/Politics,News"
1518,truefilm,"Movies,YouTube"
1519,truegaming,Video Games
1520,trueoffmychest,Support
1521,tuckedinkitties,"Mammals,Cats"
1522,tumblr ,"Internet/Apps,Tumblr"
1523,tumblrinaction,"Internet/Apps,Tumblr"
1524,tvdetails ,TV
1525,twinpeaks,"TV,Individual Shows"
1526,twitch,"Internet/Apps,Live Streaming"
1527,tworedditorsonecup,"Weird Feelings/Categorize Later,Hold My ____"
1528,twosentencehorror,"Arts/Writing,Writing"
1529,typography,Visually Appealing
1530,ubuntu,"Computer Science/Engineering,Painting"
1531,ufc,"Sports,Fighting"
1532,uglyduckling,"Images,Redditors/Selfies"
1533,ultralight ,"Hiking,Car companies"
1534,undelete,"Meta,Negative"
1535,undertale,Video Games
1536,unexpected,Unexpected
1537,unexpectedhogwarts,"Books/Writing,Unexpected,Individual books/stories/comics,Politics"
1538,unexpectedjihad,Unexpected
1539,unexpectedthuglife,"Parodies,Politics"
1540,unity3d,"Programming,Self-Improvement"
1541,unpopularopinion,"Weird Feelings/Categorize Later,Hold My ____"
1542,unsentletters,Support
1543,unstirredpaint,Visually Appealing
1544,untrustworthypoptarts,"Cringe,Called out"
1545,urbanexploration,Outdoors
1546,urbanhell,"Weird Feelings/Categorize Later,Hold My ____"
1547,urbanplanning,General
1548,uselessredcircle ,"Cringe,Called out"
1549,vagabond,"General,Tech Support"
1550,vandwellers,"General,Tech Support"
1551,vaporents,"Drugs,Other drugs"
1552,vaporwave ,"Music,Genres"
1553,vaxxhappened,"Cringe,Called out"
1554,vegan,"Communities,Food,Body/Diet,Diets"
1555,veganrecipes,"Food,Diets"
1556,veganrecipes ,"Food,Recipes"
1557,videos,Videos
1558,vinyl,Nostalgia/Time
1559,virginsvschad ,"Cringe,Neckbeard"
1560,vita,Video Games
1561,vive,Video Games
1562,wackytictacs,"Weird Feelings/Categorize Later,Hold My ____"
1563,wallpaper,Images
1564,wallpapers,Images
1565,wallstreetbets,"Economics,Money,Stocks,Betting/Investing/Stocks"
1566,warframe,Video Games
1567,warhammer40k,Video Games
1568,warshipporn,"Combat,Car companies"
1569,warthunder,Video Games
1570,watches,Tools
1571,watchpeopledieinside,Cringe
1572,watchpeoplesurvive,"Weird Feelings/Categorize Later,Hold My ____"
1573,weathergifs,"Nature,Weather"
1574,web_design,"Internet/Apps,Design,Sci-fi,Car companies"
1575,webcomics,"Books/Writing,Comics"
1576,webdev,Tech Related
1577,webgames,Video Games
1578,weddingplanning ,"Relationships/Sex,Philosophy"
1579,weed,"Drugs,Marijuana"
1580,weedstocks,"Drugs,Marijuana"
1581,weedstocks ,"Money,Betting/Investing/Stocks"
1582,westworld,"TV,Individual Shows"
1583,whatcouldgoright,"Weird Feelings/Categorize Later,Hold My ____"
1584,whatcouldgowrong,"Disgusting/Angering/Scary/Weird,Scary (potentially NSFL)"
1585,whatintarnation,"Weird Feelings/Categorize Later,Hold My ____"
1586,"whatisthisthing   For more like this, see here from AskReddit!",Question/Answer
1587,whatsinthisthing   see also: related subreddits from AskReddit,"Weird Feelings/Categorize Later,Hold My ____"
1588,whatsthisbug,Question/Answer
1589,whatsthisplant,Question/Answer
1590,whatswrongwithyourcat ,"Mammals,Cats"
1591,wheredidthesodago,"Parodies,Politics"
1592,whiskey ,"Drugs,Alcohol"
1593,whiteknighting,"Cringe,Neckbeard"
1594,whitepeoplegifs,"Gifs,People"
1595,wholesomeanimemes ,"Anime/Manga,Physics"
1596,wholesomebpt,"Internet/Apps,Twitter"
1597,wholesomegifs,"Gifs,Weird Feelings/Categorize Later"
1598,whowouldwin,Games
1599,wicked_edge,"Fashion/Beauty,Body Image"
1600,wiiu,Video Games
1601,wikileaks,"Internet/Apps,Internet Politics"
1602,wikipedia,"Internet/Apps,Sci-fi"
1603,wikipedia ,"Support,Facts"
1604,wildernessbackpacking,Outdoors
1605,wimmelbilder,"Art,Questions"
1606,windows,Microsoft Products
1607,wine,"Drugs,Alcohol"
1608,witcher,Video Games
1609,woahdude,"Mind blowing,Looking for something"
1610,wokekids,Cringe
1611,woodworking,General
1612,woof_irl,"Mammals,Dogs"
1613,woooosh,"Cringe,Called out"
1614,workonline ,"Job finding,Car companies"
1615,worldcup,"Sports,Soccer"
1616,worldnews,"News/Politics,News"
1617,wouldyourather,Games
1618,wow,Video Games
1619,wowthanksimcured,"Cringe,Called out"
1620,wowthissubexists,"Meta,Subreddits"
1621,wrestlewiththeplot,"Images,Images/Gifs of Women (SFW)"
1622,writing,"Books/Writing,Individual Anime/manga"
1623,writingprompts,"Arts/Writing,Writing"
1624,wwe,"Sports,Fighting"
1625,xboxone,Video Games
1626,xkcd,"Books/Writing,Individual books/stories/comics"
1627,xxfitness,"For Women,Scary (potentially NSFL)"
1628,youdontsurf,"Parodies,Politics"
1629,youngpeopleyoutube ,"Internet/Apps,YouTube"
1630,youseeingthisshit,"Weird Feelings/Categorize Later,Hold My ____"
1631,youtube,"Internet/Apps,YouTube"
1632,youtubehaiku,Videos
1633,yugioh,"Anime/Manga,Individual Anime/manga"
1634,zelda,Video Games
1635,zerowaste ,"Environment,Stocks"
1636,zombies,"Genres,Magic"
1637,Alcohol,"Drugs,Parenting"
1638,Body Image,"Fashion/Beauty,Physical"
1639,Canada,"Geography,North America"
1640,Combat,"Guns/Combat,Car companies"
1641,Female,"Celebrities,Individual Celebrities"
1642,For Men,"Gender,Scary (potentially NSFL)"
1643,"For more adviceassistance subreddits, see here!",Advice
1644,"For more fitness subreddits, see this list compiled by Fitness!","Exercise/Health,Physical"
1645,"For more, see the wiki compiled by historynetwork!","History,Stocks"
1646,"For other sci-fi subreddits, see here!","Genres,Sci-fi"
1647,Looking for a subreddit for your area? Try looking here! From LocationReddits.,"Geography,Scary (potentially NSFL)"
1648,Much more [here](http:www.reddit.comlistentothisaboutsidebar\) from the sidebar of listentothis!,"Music,Individual Movies/Series"
1649,News,"News/Politics,Weather"
1650,Note: Many of those subreddits are inactive.,"History,Stocks"
1651,Note: Many of those subreddits are tinyinactive.,"Exercise/Health,Physical"
1652,Note: Not all subreddits in that list are active.,"Geography,Scary (potentially NSFL)"
1653,SFWPorn Network wiki from multi by ukjoneslol.,"SFWPorn Network,Politics"
1654,See especially [The Fire Hose](http:www.reddit.comuseevilnightmthefirehose\) curated by uevilnight. All subreddits are active!,"Music,Individual Movies/Series"
1655,See here.,"Memes/Rage comics,News/Politics,Jokes,Politics"
1656,See more here! Via sfwpornnetwork.  ,"SFWPorn Network,Politics"
1657,Sports subreddits!,Sports
1658,Sports team subreddits! ,Sports
